Workbook

Sheet Master Profil
A1: MASTER PROFIL TIM WG — DISC × MBTI
A2: 21 peserta | Sumber: DISC Profile Tim WG & Ringkasan Deskripsi MBTI
A4: No. | B4: Nama Lengkap | C4: Panggilan | D4: Gender | E4: Kamar | F4: DISC | G4: MBTI | H4: Karakter (DISC) | I4: Strength 1 | J4: Strength 2 | K4: Strength 3 | L4: Development 1 | M4: Development 2 | N4: Development 3 | O4: Strength in Sales (MBTI) | P4: Potential Sales Risk | Q4: Communication Style | R4: Sales Role | S4: Tips Trainer
A5: 1 | B5: I Gusti Ayu Ananda Putri | C5: Nanda | D5: Perempuan | E5: 421 | F5: D/I | G5: ENFP | H5: Tegas, berorientasi hasil, berani mengambil keputusan, bergerak cepat. | I5: Decisive & target-oriented | J5: Berani mengambil inisiatif | K5: Cukup persuasif | L5: Kesabaran | M5: Active listening | N5: Tidak terlalu cepat mengambil keputusan | O5: Enerjik, kreatif, komunikatif dan mudah membangun koneksi dengan customer. | P5: Bisa kehilangan fokus atau kurang konsisten dalam execution. | Q5: Friendly, enthusiastic dan expressive. | R5: Prospecting, presentation, networking dan business development. | S5: Fokus pada discipline, sales planning dan follow-up.
A6: 2 | B6: Elfasa Khoirumansyah | C6: Elfasa | D6: Laki-laki | E6: 425 | F6: I/S | G6: ISFJ | H6: Komunikatif, approachable, kooperatif, nyaman membangun hubungan. | I6: Relationship building | J6: Komunikasi & supportive | K6: Mudah bekerja sama | L6: Assertiveness | M6: Keberanian mengambil keputusan | O6: Relationship builder, loyal, attentive dan mampu memberikan customer experience yang baik. | P6: Kurang assertive ketika harus melakukan negotiation atau closing. | Q6: Ramah, supportive dan personal. | R6: Account management, customer relationship dan retention. | S6: Fokus pada confidence, negotiation dan closing technique.
A7: 3 | B7: Nindy Amalia | C7: Nindy | D7: Perempuan | E7: 422 | F7: D/I | G7: ESTP | H7: Sangat berorientasi hasil, berani, kompetitif, dan persistent. | I7: Highly driven | J7: Decisive & competitive | K7: Persistent | L7: Patience | M7: Listening | N7: Perspektif orang lain | O7: Confident, competitive, action-oriented dan cepat mengambil keputusan. | P7: Bisa terlalu cepat masuk ke solusi tanpa cukup menggali kebutuhan customer. | Q7: Direct, energetic dan persuasive. | R7: Prospecting, negotiation dan closing. | S7: Fokus pada consultative questioning dan active listening.
A8: 4 | B8: Irvani Putri | C8: Irvani | D8: Perempuan | E8: 423 | F8: D/I | G8: ENFP | H8: Aktif, memiliki drive terhadap hasil, nyaman menyampaikan pendapat. | I8: Initiative | J8: Confidence | K8: Target orientation | L8: Konsistensi | M8: Listening | N8: Tidak terlalu terburu-buru | O8: Persuasive, enthusiastic, kreatif dan kuat dalam membangun networking. | P8: Mudah terdistraksi dan kurang menyukai pekerjaan yang repetitif. | Q8: Energetic, friendly dan engaging. | R8: Prospecting, presentation dan business development. | S8: Berikan struktur pipeline management dan follow-up discipline.
A9: 5 | B9: Mya Mar'atus Sholikhah | C9: Mya | D9: Perempuan | E9: 424 | F9: D/C | G9: ESFP | H9: Berorientasi hasil sekaligus memastikan pekerjaan dilakukan dengan baik. | I9: Goal-oriented | J9: Tegas | K9: Memperhatikan kualitas | L9: Fleksibilitas | M9: Interpersonal communication | N9: Menghindari over-control | O9: Sociable, energik, friendly, spontan dan customer-oriented. | P9: Mudah terdistraksi dan dapat kurang konsisten dalam administrasi/follow-up. | Q9: Expressive, warm, engaging dan enthusiastic. | R9: Frontliner sales, retail/event sales, prospecting dan customer engagement. | S9: Manfaatkan kekuatan interpersonalnya, sambil memperkuat planning dan follow-up discipline.
A10: 6 | B10: Okki Putri Fadilah | C10: Okki | D10: Perempuan | E10: 422 | F10: I/S | G10: ESFJ | H10: Interpersonal-oriented, komunikatif, menjaga hubungan baik. | I10: Friendly | J10: Cooperative | K10: Supportive | L10: Assertiveness | M10: Decision making | N10: Mengejar target lebih agresif | O10: Warm, communicative, relationship-oriented dan kuat dalam membangun customer trust. | P10: Terlalu mempertimbangkan respons orang lain dan kurang nyaman dengan konflik. | Q10: Friendly, supportive dan engaging. | R10: Account management, customer relationship dan retention. | S10: Tingkatkan assertiveness, negotiation dan handling difficult customers.
A11: 7 | B11: Maria Dita Fivtiari | C11: Dita | D11: Perempuan | E11: 412 | F11: D/C | G11: INFP | H11: Kuat pada hasil, dengan perhatian terhadap standar dan kualitas. | I11: Decisive | J11: Responsible | K11: Target-oriented & sistematis | L11: Fleksibilitas | M11: Interpersonal approach | O11: Empatik, genuine, mampu memahami kebutuhan customer dan membangun trust. | P11: Sensitif terhadap rejection dan cenderung menghindari konflik. | Q11: Personal, warm dan consultative. | R11: Relationship dan consultative selling. | S11: Perkuat assertiveness dan keberanian menghadapi objection.
A12: 8 | B12: Etik Andriyanti | C12: Andri | D12: Perempuan | E12: 417 | F12: D/I | G12: ESTP | H12: Action-oriented, berani mengambil keputusan, cukup komunikatif. | I12: Initiative | J12: Drive & confidence | K12: Persuasive | L12: Patience | M12: Listening | N12: Menerima pendekatan berbeda | O12: Berani, energik, cepat mengambil tindakan, adaptif dan nyaman menghadapi situasi yang dinamis. | P12: Dapat terlalu cepat bertindak, kurang sabar dan melewatkan detail. | Q12: Direct, energetic, persuasive dan spontan. | R12: Hunting sales, prospecting, negotiation dan closing. | S12: Tekankan listening before pitching dan pentingnya sales planning.
A13: 9 | B13: Sri Wijayati | C13: Jay | D13: Perempuan | E13: 413 | F13: D/I | G13: INFP | H13: Assertive dan influential; percaya diri menyampaikan pendapat dan mengejar hasil. | I13: Confident | J13: Persuasive | K13: Decisive & energetic | L13: Listening | M13: Emotional sensitivity | N13: Teamwork | O13: Empatik, thoughtful, genuine dan mampu memahami perspektif customer. | P13: Cenderung overthinking dan kurang nyaman menghadapi rejection atau konflik. | Q13: Soft, personal dan consultative. | R13: Relationship dan consultative selling. | S13: Dorong assertiveness, objection handling dan closing confidence.
A14: 10 | B14: Paramitha Maharesmi Nugraheni Putri | C14: Mitha | D14: Perempuan | E14: 421 | F14: S/C | G14: INFP | H14: Stabil, hati-hati, cukup terstruktur dan balanced. | I14: Consistency | J14: Cooperation | K14: Reliability & process focus | L14: Proaktif | M14: Assertiveness | N14: Keluar dari comfort zone | O14: Empatik, kreatif, mampu membangun koneksi berdasarkan kebutuhan dan nilai customer. | P14: Cenderung menghindari situasi konfrontatif dan dapat terlalu idealis. | Q14: Soft, personal dan persuasive secara natural. | R14: Relationship/consultative selling. | S14: Dorong keberanian untuk ask for the sale dan menghadapi rejection.
A15: 11 | B15: Yulia Mekar Rini | C15: Yulia | D15: Perempuan | E15: 424 | F15: C/S | G15: ISTP | H15: Teliti, sistematis, hati-hati, membutuhkan kejelasan. | I15: Accuracy | J15: Discipline | K15: Consistency & quality | L15: Speed of decision making | M15: Flexibility | N15: Keberanian mengambil risiko | O15: Practical problem solver, analytical, mandiri dan mampu mencari solusi dengan cepat. | P15: Cenderung reserved dan dapat kurang aktif membangun emotional connection dengan customer. | Q15: Direct, factual dan solution-oriented. | R15: Technical/solution selling dan customer problem solving. | S15: Perkuat rapport building, probing dan storytelling.
A16: 12 | B16: Ainur Hasanah | C16: Ainur | D16: Perempuan | E16: 417 | F16: I/C | G16: INFP | H16: Komunikatif/influential dengan perhatian terhadap detail. | I16: Persuasive | J16: Communicative | K16: Cukup terstruktur | L16: Konsistensi eksekusi | M16: Keputusan cepat | O16: Empatik, mampu memahami kebutuhan customer, genuine dalam membangun hubungan dan memiliki pendekatan yang personal. | P16: Kurang nyaman dengan rejection, konflik, atau aggressive closing. | Q16: Personal, hangat, thoughtful dan relationship-oriented. | R16: Consultative selling, relationship management, customer care. | S16: Latih assertiveness, objection handling dan closing melalui role play bertahap.
A17: 13 | B17: Fuad Jaka Pamungkas | C17: Jaka | D17: Laki-laki | E17: 415 | F17: I/D | G17: ENFP | H17: Komunikatif, cukup berani, terdorong memengaruhi orang lain. | I17: Persuasive | J17: Energetic & confident | K17: Relationship-oriented | L17: Consistency | M17: Attention to detail | N17: Follow-through | O17: Sangat komunikatif, enthusiastic, kreatif, mudah membangun networking dan persuasive. | P17: Mudah kehilangan fokus dan kurang konsisten dalam follow-up/detail. | Q17: Energetic, conversational, enthusiastic. | R17: Prospecting, presentation, networking, business development. | S17: Gunakan sales funnel, checklist dan follow-up discipline.
A18: 14 | B18: Dimas Wiyanarko | C18: Dimas | D18: Laki-laki | E18: 416 | F18: C/S | G18: ISTJ | H18: Sangat kuat pada struktur, ketelitian, dan konsistensi. | I18: Analytical | J18: Systematic | K18: Detail-oriented & reliable | L18: Agility | M18: Assertiveness | N18: Situasi tidak terstruktur | O18: Terstruktur, disiplin, reliable, teliti dan kuat dalam follow-up. | P18: Bisa terlalu terpaku pada prosedur dan kurang fleksibel menghadapi customer yang unpredictable. | Q18: Formal, jelas, faktual dan terstruktur. | R18: Account management, B2B sales, technical/solution selling. | S18: Latih agility, improvisation dan emotional selling.
A19: 15 | B19: Sofyan Thohari | C19: Popan | D19: Laki-laki | E19: 425 | F19: S | G19: ISFP | H19: Tenang, kooperatif, sabar, menjaga hubungan baik. | I19: Patience | J19: Teamwork | K19: Empathy & consistency | L19: Assertiveness | M19: Urgency | N19: Negotiation & rejection | O19: Empatik, observant, fleksibel dan mampu menciptakan interaksi yang nyaman dengan customer. | P19: Kurang assertive dan cenderung menghindari situasi yang terlalu konfrontatif. | Q19: Calm, personal dan empathetic. | R19: Relationship selling, customer service dan account management. | S19: Fokus pada confidence, negotiation dan closing drive.
A20: 16 | B20: Adiel Priyarama | C20: Adiel | D20: Laki-laki | E20: 414 | F20: S/C | G20: ISTP | H20: Stabil, terstruktur, mempertimbangkan sesuatu sebelum bertindak. | I20: Consistency | J20: Reliability | K20: Attention to quality | L20: Confidence | M20: Spontaneity | N20: Assertive communication | O20: Praktis, cepat membaca masalah, tenang menghadapi situasi sulit, dan mampu mencari solusi secara langsung. | P20: Bisa kurang ekspresif dan kurang aktif membangun relationship secara verbal. | Q20: Singkat, to the point, berbasis fakta dan solusi. | R20: Technical/solution selling, handling customer issues, negotiation yang membutuhkan problem solving. | S20: Berikan case study dan simulasi problem solving; dorong untuk lebih aktif menggali kebutuhan customer.
A21: 17 | B21: Kensrie Diah Ayuningtyas | C21: Kensrie | D21: Perempuan | E21: 413 | F21: D/C – Balanced | G21: ESTP | H21: Balanced antara orientasi hasil dan kebutuhan kualitas/struktur. | I21: Adaptable | J21: Cukup decisive | K21: Menjaga standar kerja | L21: Konsistensi interpersonal style | M21: Kejelasan prioritas | O21: Berani, cepat bertindak, confident, adaptif dan kompetitif. | P21: Impulsif dan dapat kurang memperhatikan detail atau proses. | Q21: Direct, spontaneous dan energetic. | R21: Hunting, negotiation dan closing. | S21: Latih active listening, probing dan structured selling.
A22: 18 | B22: Linda Susanto | C22: Linda | D22: Perempuan | E22: 423 | F22: S/C | G22: ISFJ | H22: Tenang, stabil, kooperatif, menjaga hubungan, nyaman dengan struktur. | I22: Consistency | J22: Teamwork & empathy | K22: Reliability | L22: Assertiveness | M22: Initiative & decision making | N22: Menghadapi rejection | O22: Attentive, reliable, supportive dan mampu membangun hubungan jangka panjang dengan customer. | P22: Kurang nyaman dengan rejection dan aggressive selling. | Q22: Warm, polite dan relationship-oriented. | R22: Account management, customer service dan retention. | S22: Fokus pada assertiveness, negotiation dan closing confidence.
A23: 19 | B23: Gilang Risnantyo | C23: Gilang | D23: Laki-laki | E23: 414 | F23: D/I | G23: ISTP | H23: Berorientasi hasil, tegas, proaktif, percaya diri, menyukai tantangan. | I23: Target-oriented | J23: Decisiveness | K23: Initiative & confidence | L23: Active listening | M23: Patience | N23: Attention to detail & follow-through | O23: Problem solver, praktis, fleksibel dan mampu tetap tenang menghadapi masalah customer. | P23: Bisa kurang ekspresif dan kurang aktif dalam relationship building. | Q23: Direct, factual dan solution-oriented. | R23: Solution/technical selling dan customer problem solving. | S23: Dorong kemampuan rapport building dan probing questions.
A24: 20 | B24: Fadli Fahmi Ali | C24: Fadli | D24: Laki-laki | E24: 415 | F24: S | G24: INFJ | H24: Stabil, loyal, tenang, santai, dan dapat menjadi pendengar yang baik. | I24: Stability | J24: Loyalty & teamwork | K24: Listening & consistency | L24: Proaktif | M24: Assertiveness & urgency | N24: Target orientation & perubahan | O24: Empatik, insightful, mampu memahami kebutuhan customer secara mendalam dan membangun trust. | P24: Dapat terlalu banyak berpikir sebelum bertindak dan kurang nyaman dengan hard selling. | Q24: Thoughtful, personal dan consultative. | R24: Consultative selling, key account dan relationship management. | S24: Latih decisiveness, assertiveness dan closing.
A25: 21 | B25: I Gusti Putu Yaktianuraga | C25: Bagus | D25: Laki-laki | E25: 416 | F25: D/I | G25: ENTJ | H25: Tegas, ambisius, optimis, mandiri, suka tantangan, dan persuasive. | I25: Decisiveness | J25: Target-oriented | K25: Confidence, persuasive & energetic | L25: Patience | M25: Attention to detail & listening | N25: Tactfulness; hindari dominasi | O25: Strong leadership, decisive, strategic, confident dan sangat target-oriented. | P25: Bisa terlalu dominan, impatient dan terlalu fokus pada hasil dibandingkan relationship. | Q25: Direct, confident, strategic dan result-oriented. | R25: Sales leadership, negotiation, business development dan closing. | S25: Tantang untuk listen more, ask more, tell less agar tidak terlalu cepat mengarahkan customer.
A27: Catatan: Kolom Strength/Development bersumber dari DISC Profile; kolom Sales bersumber dari ringkasan MBTI. Kamar mengikuti sheet 'Rooming List' pada file Rooming_List_Final_dengan_DISC_upd.xlsx (bukan kolom Kamar di sheet 'Daftar Penghuni', yang tidak konsisten). Alga, Chelsy, Eyang, dan Bu Bintang tidak memiliki profil DISC/MBTI sehingga tidak masuk daftar ini.

Sheet Rekap DISC
A1: REKAP DISC
A2: Komposisi gaya perilaku dalam tim (formula COUNTIF ke sheet Master Profil)
A4: Gaya DISC | B4: Jumlah | C4: % Tim | D4: Anggota
A5: D/I | B5: =COUNTIF('Master Profil'!$F$5:$F$25,$A5) -> 7 | C5: =IFERROR(B5/$B$14,0) -> 0.33333333 | D5: Nanda, Nindy, Irvani, Andri, Jay, Gilang, Bagus
A6: S/C | B6: =COUNTIF('Master Profil'!$F$5:$F$25,$A6) -> 3 | C6: =IFERROR(B6/$B$14,0) -> 0.14285714 | D6: Mitha, Adiel, Linda
A7: D/C | B7: =COUNTIF('Master Profil'!$F$5:$F$25,$A7) -> 2 | C7: =IFERROR(B7/$B$14,0) -> 0.095238095 | D7: Mya, Dita
A8: C/S | B8: =COUNTIF('Master Profil'!$F$5:$F$25,$A8) -> 2 | C8: =IFERROR(B8/$B$14,0) -> 0.095238095 | D8: Yulia, Dimas
A9: I/S | B9: =COUNTIF('Master Profil'!$F$5:$F$25,$A9) -> 2 | C9: =IFERROR(B9/$B$14,0) -> 0.095238095 | D9: Elfasa, Okki
A10: S | B10: =COUNTIF('Master Profil'!$F$5:$F$25,$A10) -> 2 | C10: =IFERROR(B10/$B$14,0) -> 0.095238095 | D10: Popan, Fadli
A11: I/C | B11: =COUNTIF('Master Profil'!$F$5:$F$25,$A11) -> 1 | C11: =IFERROR(B11/$B$14,0) -> 0.047619048 | D11: Ainur
A12: I/D | B12: =COUNTIF('Master Profil'!$F$5:$F$25,$A12) -> 1 | C12: =IFERROR(B12/$B$14,0) -> 0.047619048 | D12: Jaka
A13: D/C – Balanced | B13: =COUNTIF('Master Profil'!$F$5:$F$25,$A13) -> 1 | C13: =IFERROR(B13/$B$14,0) -> 0.047619048 | D13: Kensrie
A14: TOTAL | B14: =SUM(B5:B13) -> 21 | C14: =IFERROR(B14/$B$14,0) -> 1
A16: Team read: energi D/I dominan (drive target, persuasi, negotiation, closing); S/C & C/S menjadi penyeimbang (stabilitas, kualitas, ketelitian, relationship). Development paling berulang: listening, assertiveness, flexibility, urgency, follow-through.

Sheet Rekap MBTI
A1: REKAP MBTI
A2: Distribusi tipe MBTI (formula COUNTIF ke sheet Master Profil)
A4: Tipe MBTI | B4: Jumlah | C4: % Tim | D4: Anggota
A5: INFP | B5: =COUNTIF('Master Profil'!$G$5:$G$25,$A5) -> 4 | C5: =IFERROR(B5/$B$16,0) -> 0.19047619 | D5: Dita, Jay, Mitha, Ainur
A6: ENFP | B6: =COUNTIF('Master Profil'!$G$5:$G$25,$A6) -> 3 | C6: =IFERROR(B6/$B$16,0) -> 0.14285714 | D6: Nanda, Irvani, Jaka
A7: ESTP | B7: =COUNTIF('Master Profil'!$G$5:$G$25,$A7) -> 3 | C7: =IFERROR(B7/$B$16,0) -> 0.14285714 | D7: Nindy, Andri, Kensrie
A8: ISTP | B8: =COUNTIF('Master Profil'!$G$5:$G$25,$A8) -> 3 | C8: =IFERROR(B8/$B$16,0) -> 0.14285714 | D8: Yulia, Adiel, Gilang
A9: ISFJ | B9: =COUNTIF('Master Profil'!$G$5:$G$25,$A9) -> 2 | C9: =IFERROR(B9/$B$16,0) -> 0.095238095 | D9: Elfasa, Linda
A10: ESFP | B10: =COUNTIF('Master Profil'!$G$5:$G$25,$A10) -> 1 | C10: =IFERROR(B10/$B$16,0) -> 0.047619048 | D10: Mya
A11: ESFJ | B11: =COUNTIF('Master Profil'!$G$5:$G$25,$A11) -> 1 | C11: =IFERROR(B11/$B$16,0) -> 0.047619048 | D11: Okki
A12: ISTJ | B12: =COUNTIF('Master Profil'!$G$5:$G$25,$A12) -> 1 | C12: =IFERROR(B12/$B$16,0) -> 0.047619048 | D12: Dimas
A13: ISFP | B13: =COUNTIF('Master Profil'!$G$5:$G$25,$A13) -> 1 | C13: =IFERROR(B13/$B$16,0) -> 0.047619048 | D13: Popan
A14: INFJ | B14: =COUNTIF('Master Profil'!$G$5:$G$25,$A14) -> 1 | C14: =IFERROR(B14/$B$16,0) -> 0.047619048 | D14: Fadli
A15: ENTJ | B15: =COUNTIF('Master Profil'!$G$5:$G$25,$A15) -> 1 | C15: =IFERROR(B15/$B$16,0) -> 0.047619048 | D15: Bagus
A16: TOTAL | B16: =SUM(B5:B15) -> 21 | C16: =IFERROR(B16/$B$16,0) -> 1

Sheet Matriks DISC x MBTI
A1: MATRIKS DISC × MBTI
A2: Jumlah orang per kombinasi (COUNTIFS ke sheet Master Profil)
A4: DISC \ MBTI | B4: INFP | C4: ENFP | D4: ESTP | E4: ISTP | F4: ISFJ | G4: ESFP | H4: ESFJ | I4: ISTJ | J4: ISFP | K4: INFJ | L4: ENTJ | M4: Total
A5: D/I | B5: =COUNTIFS('Master Profil'!$F$5:$F$25,$A5,'Master Profil'!$G$5:$G$25,B$4) -> 1 | C5: =COUNTIFS('Master Profil'!$F$5:$F$25,$A5,'Master Profil'!$G$5:$G$25,C$4) -> 2 | D5: =COUNTIFS('Master Profil'!$F$5:$F$25,$A5,'Master Profil'!$G$5:$G$25,D$4) -> 2 | E5: =COUNTIFS('Master Profil'!$F$5:$F$25,$A5,'Master Profil'!$G$5:$G$25,E$4) -> 1 | F5: =COUNTIFS('Master Profil'!$F$5:$F$25,$A5,'Master Profil'!$G$5:$G$25,F$4) -> 0 | G5: =COUNTIFS('Master Profil'!$F$5:$F$25,$A5,'Master Profil'!$G$5:$G$25,G$4) -> 0 | H5: =COUNTIFS('Master Profil'!$F$5:$F$25,$A5,'Master Profil'!$G$5:$G$25,H$4) -> 0 | I5: =COUNTIFS('Master Profil'!$F$5:$F$25,$A5,'Master Profil'!$G$5:$G$25,I$4) -> 0 | ... L5: =COUNTIFS('Master Profil'!$F$5:$F$25,$A5,'Master Profil'!$G$5:$G$25,L$4) -> 1 | M5: =SUM(B5:L5) -> 7
A6: S/C | B6: =COUNTIFS('Master Profil'!$F$5:$F$25,$A6,'Master Profil'!$G$5:$G$25,B$4) -> 1 | C6: =COUNTIFS('Master Profil'!$F$5:$F$25,$A6,'Master Profil'!$G$5:$G$25,C$4) -> 0 | D6: =COUNTIFS('Master Profil'!$F$5:$F$25,$A6,'Master Profil'!$G$5:$G$25,D$4) -> 0 | E6: =COUNTIFS('Master Profil'!$F$5:$F$25,$A6,'Master Profil'!$G$5:$G$25,E$4) -> 1 | F6: =COUNTIFS('Master Profil'!$F$5:$F$25,$A6,'Master Profil'!$G$5:$G$25,F$4) -> 1 | G6: =COUNTIFS('Master Profil'!$F$5:$F$25,$A6,'Master Profil'!$G$5:$G$25,G$4) -> 0 | H6: =COUNTIFS('Master Profil'!$F$5:$F$25,$A6,'Master Profil'!$G$5:$G$25,H$4) -> 0 | I6: =COUNTIFS('Master Profil'!$F$5:$F$25,$A6,'Master Profil'!$G$5:$G$25,I$4) -> 0 | ... L6: =COUNTIFS('Master Profil'!$F$5:$F$25,$A6,'Master Profil'!$G$5:$G$25,L$4) -> 0 | M6: =SUM(B6:L6) -> 3
A7: D/C | B7: =COUNTIFS('Master Profil'!$F$5:$F$25,$A7,'Master Profil'!$G$5:$G$25,B$4) -> 1 | C7: =COUNTIFS('Master Profil'!$F$5:$F$25,$A7,'Master Profil'!$G$5:$G$25,C$4) -> 0 | D7: =COUNTIFS('Master Profil'!$F$5:$F$25,$A7,'Master Profil'!$G$5:$G$25,D$4) -> 0 | E7: =COUNTIFS('Master Profil'!$F$5:$F$25,$A7,'Master Profil'!$G$5:$G$25,E$4) -> 0 | F7: =COUNTIFS('Master Profil'!$F$5:$F$25,$A7,'Master Profil'!$G$5:$G$25,F$4) -> 0 | G7: =COUNTIFS('Master Profil'!$F$5:$F$25,$A7,'Master Profil'!$G$5:$G$25,G$4) -> 1 | H7: =COUNTIFS('Master Profil'!$F$5:$F$25,$A7,'Master Profil'!$G$5:$G$25,H$4) -> 0 | I7: =COUNTIFS('Master Profil'!$F$5:$F$25,$A7,'Master Profil'!$G$5:$G$25,I$4) -> 0 | ... L7: =COUNTIFS('Master Profil'!$F$5:$F$25,$A7,'Master Profil'!$G$5:$G$25,L$4) -> 0 | M7: =SUM(B7:L7) -> 2
A8: C/S | B8: =COUNTIFS('Master Profil'!$F$5:$F$25,$A8,'Master Profil'!$G$5:$G$25,B$4) -> 0 | C8: =COUNTIFS('Master Profil'!$F$5:$F$25,$A8,'Master Profil'!$G$5:$G$25,C$4) -> 0 | D8: =COUNTIFS('Master Profil'!$F$5:$F$25,$A8,'Master Profil'!$G$5:$G$25,D$4) -> 0 | E8: =COUNTIFS('Master Profil'!$F$5:$F$25,$A8,'Master Profil'!$G$5:$G$25,E$4) -> 1 | F8: =COUNTIFS('Master Profil'!$F$5:$F$25,$A8,'Master Profil'!$G$5:$G$25,F$4) -> 0 | G8: =COUNTIFS('Master Profil'!$F$5:$F$25,$A8,'Master Profil'!$G$5:$G$25,G$4) -> 0 | H8: =COUNTIFS('Master Profil'!$F$5:$F$25,$A8,'Master Profil'!$G$5:$G$25,H$4) -> 0 | I8: =COUNTIFS('Master Profil'!$F$5:$F$25,$A8,'Master Profil'!$G$5:$G$25,I$4) -> 1 | ... L8: =COUNTIFS('Master Profil'!$F$5:$F$25,$A8,'Master Profil'!$G$5:$G$25,L$4) -> 0 | M8: =SUM(B8:L8) -> 2
A9: I/S | B9: =COUNTIFS('Master Profil'!$F$5:$F$25,$A9,'Master Profil'!$G$5:$G$25,B$4) -> 0 | C9: =COUNTIFS('Master Profil'!$F$5:$F$25,$A9,'Master Profil'!$G$5:$G$25,C$4) -> 0 | D9: =COUNTIFS('Master Profil'!$F$5:$F$25,$A9,'Master Profil'!$G$5:$G$25,D$4) -> 0 | E9: =COUNTIFS('Master Profil'!$F$5:$F$25,$A9,'Master Profil'!$G$5:$G$25,E$4) -> 0 | F9: =COUNTIFS('Master Profil'!$F$5:$F$25,$A9,'Master Profil'!$G$5:$G$25,F$4) -> 1 | G9: =COUNTIFS('Master Profil'!$F$5:$F$25,$A9,'Master Profil'!$G$5:$G$25,G$4) -> 0 | H9: =COUNTIFS('Master Profil'!$F$5:$F$25,$A9,'Master Profil'!$G$5:$G$25,H$4) -> 1 | I9: =COUNTIFS('Master Profil'!$F$5:$F$25,$A9,'Master Profil'!$G$5:$G$25,I$4) -> 0 | ... L9: =COUNTIFS('Master Profil'!$F$5:$F$25,$A9,'Master Profil'!$G$5:$G$25,L$4) -> 0 | M9: =SUM(B9:L9) -> 2
A10: S | B10: =COUNTIFS('Master Profil'!$F$5:$F$25,$A10,'Master Profil'!$G$5:$G$25,B$4) -> 0 | C10: =COUNTIFS('Master Profil'!$F$5:$F$25,$A10,'Master Profil'!$G$5:$G$25,C$4) -> 0 | D10: =COUNTIFS('Master Profil'!$F$5:$F$25,$A10,'Master Profil'!$G$5:$G$25,D$4) -> 0 | E10: =COUNTIFS('Master Profil'!$F$5:$F$25,$A10,'Master Profil'!$G$5:$G$25,E$4) -> 0 | F10: =COUNTIFS('Master Profil'!$F$5:$F$25,$A10,'Master Profil'!$G$5:$G$25,F$4) -> 0 | G10: =COUNTIFS('Master Profil'!$F$5:$F$25,$A10,'Master Profil'!$G$5:$G$25,G$4) -> 0 | H10: =COUNTIFS('Master Profil'!$F$5:$F$25,$A10,'Master Profil'!$G$5:$G$25,H$4) -> 0 | I10: =COUNTIFS('Master Profil'!$F$5:$F$25,$A10,'Master Profil'!$G$5:$G$25,I$4) -> 0 | ... L10: =COUNTIFS('Master Profil'!$F$5:$F$25,$A10,'Master Profil'!$G$5:$G$25,L$4) -> 0 | M10: =SUM(B10:L10) -> 2
A11: I/C | B11: =COUNTIFS('Master Profil'!$F$5:$F$25,$A11,'Master Profil'!$G$5:$G$25,B$4) -> 1 | C11: =COUNTIFS('Master Profil'!$F$5:$F$25,$A11,'Master Profil'!$G$5:$G$25,C$4) -> 0 | D11: =COUNTIFS('Master Profil'!$F$5:$F$25,$A11,'Master Profil'!$G$5:$G$25,D$4) -> 0 | E11: =COUNTIFS('Master Profil'!$F$5:$F$25,$A11,'Master Profil'!$G$5:$G$25,E$4) -> 0 | F11: =COUNTIFS('Master Profil'!$F$5:$F$25,$A11,'Master Profil'!$G$5:$G$25,F$4) -> 0 | G11: =COUNTIFS('Master Profil'!$F$5:$F$25,$A11,'Master Profil'!$G$5:$G$25,G$4) -> 0 | H11: =COUNTIFS('Master Profil'!$F$5:$F$25,$A11,'Master Profil'!$G$5:$G$25,H$4) -> 0 | I11: =COUNTIFS('Master Profil'!$F$5:$F$25,$A11,'Master Profil'!$G$5:$G$25,I$4) -> 0 | ... L11: =COUNTIFS('Master Profil'!$F$5:$F$25,$A11,'Master Profil'!$G$5:$G$25,L$4) -> 0 | M11: =SUM(B11:L11) -> 1
A12: I/D | B12: =COUNTIFS('Master Profil'!$F$5:$F$25,$A12,'Master Profil'!$G$5:$G$25,B$4) -> 0 | C12: =COUNTIFS('Master Profil'!$F$5:$F$25,$A12,'Master Profil'!$G$5:$G$25,C$4) -> 1 | D12: =COUNTIFS('Master Profil'!$F$5:$F$25,$A12,'Master Profil'!$G$5:$G$25,D$4) -> 0 | E12: =COUNTIFS('Master Profil'!$F$5:$F$25,$A12,'Master Profil'!$G$5:$G$25,E$4) -> 0 | F12: =COUNTIFS('Master Profil'!$F$5:$F$25,$A12,'Master Profil'!$G$5:$G$25,F$4) -> 0 | G12: =COUNTIFS('Master Profil'!$F$5:$F$25,$A12,'Master Profil'!$G$5:$G$25,G$4) -> 0 | H12: =COUNTIFS('Master Profil'!$F$5:$F$25,$A12,'Master Profil'!$G$5:$G$25,H$4) -> 0 | I12: =COUNTIFS('Master Profil'!$F$5:$F$25,$A12,'Master Profil'!$G$5:$G$25,I$4) -> 0 | ... L12: =COUNTIFS('Master Profil'!$F$5:$F$25,$A12,'Master Profil'!$G$5:$G$25,L$4) -> 0 | M12: =SUM(B12:L12) -> 1
A13: D/C – Balanced | B13: =COUNTIFS('Master Profil'!$F$5:$F$25,$A13,'Master Profil'!$G$5:$G$25,B$4) -> 0 | C13: =COUNTIFS('Master Profil'!$F$5:$F$25,$A13,'Master Profil'!$G$5:$G$25,C$4) -> 0 | D13: =COUNTIFS('Master Profil'!$F$5:$F$25,$A13,'Master Profil'!$G$5:$G$25,D$4) -> 1 | E13: =COUNTIFS('Master Profil'!$F$5:$F$25,$A13,'Master Profil'!$G$5:$G$25,E$4) -> 0 | F13: =COUNTIFS('Master Profil'!$F$5:$F$25,$A13,'Master Profil'!$G$5:$G$25,F$4) -> 0 | G13: =COUNTIFS('Master Profil'!$F$5:$F$25,$A13,'Master Profil'!$G$5:$G$25,G$4) -> 0 | H13: =COUNTIFS('Master Profil'!$F$5:$F$25,$A13,'Master Profil'!$G$5:$G$25,H$4) -> 0 | I13: =COUNTIFS('Master Profil'!$F$5:$F$25,$A13,'Master Profil'!$G$5:$G$25,I$4) -> 0 | ... L13: =COUNTIFS('Master Profil'!$F$5:$F$25,$A13,'Master Profil'!$G$5:$G$25,L$4) -> 0 | M13: =SUM(B13:L13) -> 1
A14: Total | B14: =SUM(B5:B13) -> 4 | C14: =SUM(C5:C13) -> 3 | D14: =SUM(D5:D13) -> 3 | E14: =SUM(E5:E13) -> 3 | F14: =SUM(F5:F13) -> 2 | G14: =SUM(G5:G13) -> 1 | H14: =SUM(H5:H13) -> 1 | I14: =SUM(I5:I13) -> 1 | ... M14: =SUM(M5:M13) -> 21
A16: Nilai 0 berarti tidak ada anggota pada kombinasi tersebut.

Sheet Prioritas Pengembangan
A1: FROM PROFILE TO PERFORMANCE
A2: Prioritas pengembangan untuk Sales Mastery
A4: No. | B4: Fokus | C4: Sasaran Utama | D4: Deskripsi
A5: 1 | B5: Listening | C5: Terutama D/I | D5: Dengarkan kebutuhan customer sebelum menawarkan solusi.
A6: 2 | B6: Assertiveness | C6: Terutama S/C & S | D6: Berani mengambil posisi, bertanya, dan mengejar target.
A7: 3 | B7: Agility | C7: Terutama C/S & C | D7: Lebih cepat merespons perubahan dan situasi tidak terstruktur.
A8: 4 | B8: Follow-through | C8: Semua profil | D8: Jaga konsistensi eksekusi setelah pitching, negotiation, hingga closing.
